type,question,options
MULTI_SELECT,Which social media platforms do you use for marketing?,Facebook; Instagram; Twitter; LinkedIn; TikTok; YouTube
MULTI-SELECT,What types of marketing content do you find most effective?,Blog posts; Videos; Infographics; Case studies; Email newsletters; Social media posts
MULTI-SELECT,What are your primary goals for this marketing campaign?,Increase brand awareness; Generate leads; Drive sales; Improve customer engagement; Build customer loyalty
MULTI-SELECT,What are your preferred methods of customer communication?,Email; Phone; Chat; Social media; In-person meetings
MULTI-SELECT,What challenges are you facing in your current marketing efforts?,Lack of budget; Lack of time; Lack of resources; Difficulty measuring ROI; Keeping up with industry trends
MULTI-SELECT,What are your company's core values?,Innovation; Customer satisfaction; Integrity; Teamwork; Sustainability
MULTI-SELECT,What skills are you looking for in a new employee?,Communication; Problem-solving; Teamwork; Leadership; Technical skills
MULTI-SELECT,What types of training programs are you interested in?,Technical skills training; Leadership training; Management training; Communication skills training; Sales training
MULTI-SELECT,What are your biggest concerns about the future of your industry?,Economic downturn; Increased competition; Technological disruption; Regulatory changes; Talent shortages
MULTI-SELECT,What are your company's biggest achievements?,Winning a major award; Launching a successful new product; Expanding into new markets; Achieving significant revenue growth; Building a strong brand reputation
MULTI-SELECT,What are your favorite hobbies?,Reading; Hiking; Cooking; Traveling; Playing sports
MULTI-SELECT,What types of events do you typically attend?,Conferences; Trade shows; Seminars; Workshops; Networking events
MULTI-SELECT,What are your primary sources of information about industry trends?,Industry publications; News websites; Social media; Conferences and trade shows; Industry analysts
MULTI-SELECT,What are your preferred methods for staying up-to-date on industry news?,Reading industry publications; Attending industry events; Following industry influencers on social media; Subscribing to industry newsletters; Listening to industry podcasts
MULTI-SELECT,What are some of the key challenges facing your business?,Competition; Economic conditions; Technology changes; Regulations; Finding and retaining talent
MULTI-SELECT,What are your company's primary revenue streams?,Product sales; Service revenue; Subscription fees; Licensing fees; Advertising revenue
MULTI-SELECT,What are your company's key performance indicators (KPIs)?,Revenue; Profit margin; Customer acquisition cost; Customer lifetime value; Customer satisfaction
MULTI-SELECT,What types of technology does your company use?,Cloud computing; Big data analytics; Artificial intelligence; Machine learning; Internet of Things (IoT)
MULTI-SELECT,What are your company's sustainability initiatives?,Reducing carbon footprint; Using renewable energy; Recycling and waste reduction; Sustainable sourcing; Community involvement
MULTI-SELECT,What types of diversity and inclusion initiatives does your company have?,Diversity training; Employee resource groups; Mentorship programs; Inclusive hiring practices; Accessibility initiatives
MULTI-SELECT,What are your company's plans for future growth?,Expanding into new markets; Developing new products or services; Acquiring other companies; Improving operational efficiency; Investing in research and development
MULTI-SELECT,What are your biggest concerns about the future of work?,Automation; Artificial intelligence; Remote work; Gig economy; Skills gap
MULTI-SELECT,What are your company's values?,Integrity; Innovation; Customer focus; Teamwork; Sustainability
MULTI-SELECT,What types of employee benefits does your company offer?,Health insurance; Retirement plan; Paid time off; Tuition reimbursement; Child care assistance
MULTI-SELECT,What are your company's strategies for attracting and retaining top talent?,Competitive compensation and benefits; Opportunities for professional development; Positive work environment; Flexible work arrangements; Strong company culture
MULTI-SELECT,What are your company's plans for addressing the skills gap?,Investing in employee training; Partnering with educational institutions; Developing apprenticeship programs; Recruiting from diverse talent pools; Utilizing technology to improve efficiency
MULTI-SELECT,What are your company's goals for improving diversity and inclusion?,Increasing representation of underrepresented groups; Creating a more inclusive work environment; Developing diversity and inclusion training programs; Implementing diversity and inclusion metrics; Partnering with diversity and inclusion organizations
MULTI-SELECT,What are your company's strategies for mitigating risks associated with climate change?,Reducing greenhouse gas emissions; Investing in renewable energy; Improving energy efficiency; Developing climate change adaptation plans; Engaging with stakeholders on climate change issues
MULTI-SELECT,What are your company's strategies for managing cybersecurity risks?,Implementing strong cybersecurity policies; Investing in cybersecurity technology; Providing cybersecurity training to employees; Conducting regular security audits; Developing incident response plans
MULTI-SELECT,What are your company's strategies for complying with data privacy regulations?,Implementing strong data privacy policies; Investing in data privacy technology; Providing data privacy training to employees; Conducting regular data privacy audits; Developing incident response plans
MULTI-SELECT,What types of research and development activities does your company undertake?,Basic research; Applied research; Development; Innovation; Technology transfer
MULTI-SELECT,What are your company's strategies for intellectual property protection?,Patents; Trademarks; Copyrights; Trade secrets; Non-disclosure agreements
MULTI-SELECT,What are your company's strategies for managing supply chain risks?,Diversifying suppliers; Developing strong supplier relationships; Implementing supplier performance management systems; Developing contingency plans; Monitoring geopolitical events
MULTI-SELECT,What are your company's strategies for improving customer experience?,Providing excellent customer service; Developing user-friendly products and services; Collecting customer feedback; Personalizing the customer experience; Building a strong brand reputation
MULTI-SELECT,What are your company's strategies for building brand loyalty?,Providing excellent customer service; Developing a strong brand identity; Creating engaging content; Building a strong online presence; Running loyalty programs
MULTI-SELECT,What types of marketing channels does your company use?,Digital marketing; Social media marketing; Email marketing; Content marketing; Traditional marketing
MULTI-SELECT,What are your company's strategies for measuring marketing ROI?,Website analytics; Social media analytics; Email marketing analytics; Customer surveys; Sales data
MULTI-SELECT,What are your company's strategies for improving employee engagement?,Providing opportunities for professional development; Creating a positive work environment; Offering competitive compensation and benefits; Encouraging teamwork and collaboration; Recognizing and rewarding employees
MULTI-SELECT,What are your company's strategies for improving employee retention?,Providing opportunities for professional development; Creating a positive work environment; Offering competitive compensation and benefits; Encouraging teamwork and collaboration; Recognizing and rewarding employees
MULTI-SELECT,What are your company's strategies for managing change?,Communicating effectively with employees; Involving employees in the change process; Providing training and support; Celebrating successes; Addressing concerns and feedback
MULTI-SELECT,What are your company's strategies for promoting innovation?,Encouraging experimentation; Investing in research and development; Creating a culture of innovation; Partnering with external innovators; Protecting intellectual property
MULTI-SELECT,What are your company's strategies for managing risk?,Identifying potential risks; Assessing the likelihood and impact of risks; Developing risk mitigation strategies; Monitoring risks; Reporting risks
MULTI-SELECT,What are your company's strategies for ensuring business continuity?,Developing business continuity plans; Testing business continuity plans; Training employees on business continuity procedures; Maintaining adequate resources; Monitoring potential disruptions
MULTI-SELECT,What are your company's strategies for improving operational efficiency?,Automating tasks; Streamlining processes; Improving communication; Investing in technology; Training employees
MULTI-SELECT,What are your company's strategies for reducing costs?,Negotiating better prices with suppliers; Improving efficiency; Reducing waste; Automating tasks; Outsourcing non-core functions
MULTI-SELECT,What are your company's strategies for increasing revenue?,Expanding into new markets; Developing new products or services; Increasing sales to existing customers; Improving marketing and sales effectiveness; Raising prices
MULTI-SELECT,What are your company's strategies for improving profitability?,Increasing revenue; Reducing costs; Improving efficiency; Investing in technology; Improving pricing strategies
MULTI-SELECT,What are your company's strategies for managing its reputation?,Building a strong brand identity; Creating positive customer experiences; Managing online reviews; Responding to criticism; Engaging with stakeholders
MULTI-SELECT,What are your company's strategies for complying with relevant regulations?,Staying informed about relevant regulations; Developing compliance programs; Training employees on compliance procedures; Conducting regular compliance audits; Reporting compliance issues
MULTI-SELECT,What are your company's strategies for mitigating risks associated with new technologies?,Conducting thorough due diligence; Developing risk mitigation strategies; Testing new technologies thoroughly; Training employees on new technologies; Monitoring the performance of new technologies
MULTI-SELECT,What are your company's strategies for fostering a culture of safety?,Providing safety training to employees; Implementing safety procedures; Conducting safety audits; Investigating accidents and incidents; Promoting a culture of safety awareness
MULTI_SELECT,Which heavy industrial processes are you involved in?,Steel production; Oil refining; Cement manufacturing; Mining; Chemical processing
MULTI-SELECT,What types of heavy machinery do you utilize?,Bulldozers; Excavator; Cranes; Forklifts; Heavy-duty trucks
MULTI-SELECT,What are your primary environmental concerns?,Air pollution; Water pollution; Waste management; Greenhouse gas emissions; Noise pollution
MULTI-SELECT,What safety measures are in place at your facility?,Personal Protective Equipment (PPE); Regular safety inspections; Emergency response plans; Employee safety training; Lockout/Tagout procedures
MULTI-SELECT,What energy sources do you primarily use?,Natural gas; Coal; Electricity; Renewable energy; Oil
MULTI-SELECT,What are your biggest operational challenges?,Maintaining equipment; Managing costs; Finding skilled labor; Meeting environmental regulations; Supply chain disruptions
MULTI-SELECT,What materials do you primarily process or manufacture?,Iron ore; Crude oil; Limestone; Chemicals; Plastics
MULTI-SELECT,What are your key performance indicators (KPIs)?,Production output; Safety record; Environmental impact; Cost efficiency; Employee satisfaction
MULTI-SELECT,What technologies are you currently implementing or exploring?,Automation; Robotics; Artificial intelligence (AI); Internet of Things (IoT); Big data analytics
MULTI-SELECT,What are your main transportation methods?,Trucks; Rail; Ships; Pipelines; Air
MULTI-SELECT,What types of quality control measures do you employ?,Regular inspections; Testing; Statistical process control (SPC); ISO 9001 certification; Six Sigma methodology
MULTI-SELECT,What types of waste are generated by your operations?,Solid waste; Hazardous waste; Liquid waste; Gaseous emissions; Recyclable materials
MULTI-SELECT,What are your primary customer segments?,Construction; Manufacturing; Energy; Transportation; Agriculture
MULTI-SELECT,What are your main sources of raw materials?,Domestic suppliers; International suppliers; Recycled materials; Mining operations; Agriculture
MULTI-SELECT,What training programs do you offer your employees?,Safety training; Technical skills training; Leadership development; Environmental awareness training; On-the-job training
MULTI-SELECT,What types of research and development activities are you undertaking?,Process improvement; New product development; Sustainability initiatives; Automation technology; Materials science
MULTI-SELECT,What regulatory bodies do you interact with?,Environmental Protection Agency (EPA); Occupational Safety and Health Administration (OSHA); Department of Transportation (DOT); Local environmental agencies; Industry-specific regulatory bodies
MULTI-SELECT,What are your primary methods for reducing energy consumption?,Energy-efficient equipment; Process optimization; Renewable energy sources; Waste heat recovery; Energy management systems
MULTI-SELECT,What types of maintenance strategies do you employ?,Preventive maintenance; Predictive maintenance; Corrective maintenance; Condition-based maintenance; Total productive maintenance (TPM)
MULTI-SELECT,What communication tools do you use for internal and external communication?,Email; Instant messaging; Video conferencing; Project management software; Intranet
MULTI-SELECT,What supply chain management strategies do you utilize?,Just-in-time (JIT) inventory; Vendor managed inventory (VMI); Supplier relationship management (SRM); Risk management; Supply chain diversification
MULTI-SELECT,What types of industrial robots are used in your operations?,Articulated robots; Cartesian robots; SCARA robots; Delta robots; Collaborative robots (cobots)
MULTI-SELECT,What types of data do you collect to monitor your operations?,Production data; Energy consumption data; Environmental data; Safety data; Maintenance data
MULTI-SELECT,What methods do you use to manage your inventory?,"First-In, First-Out (FIFO); Last-In, First-Out (LIFO); Weighted-Average Cost; Specific Identification; Inventory Management Software"
MULTI-SELECT,What are your primary distribution channels?,Direct sales; Distributors; Retailers; Online sales; Export
MULTI-SELECT,What types of quality certifications do you hold?,ISO 9001; ISO 14001; OHSAS 18001; ISO 27001; Industry-specific certifications
MULTI-SELECT,What types of  maintenance software do you use?,SAP PM; IBM Maximo; Oracle EAM; Infor EAM; Microsoft Dynamics 365
MULTI-SELECT,What types of industrial automation systems do you use?,Programmable Logic Controllers (PLCs); Supervisory Control and Data Acquisition (SCADA); Distributed Control Systems (DCS); Human-Machine Interfaces (HMIs); Industrial Ethernet
MULTI-SELECT,What are your primary methods for reducing water consumption?,Water recycling; Water-efficient equipment; Process optimization; Leak detection and repair; Water management systems
MULTI-SELECT,What types of  risk management software do you use?,Archer; ServiceNow; MetricStream; Riskonnect; LogicManager
MULTI-SELECT,What are your key strategies for improving worker safety?,Improved PPE; Enhanced safety training; Regular safety audits; Improved safety procedures; Incentivize safe behavior
MULTI-SELECT,What types of software do you use for production planning and scheduling?,SAP PP; Oracle Production Planning; Microsoft Dynamics 365 for Finance and Operations; Infor LN; Epicor ERP
MULTI-SELECT,What are your primary methods for reducing waste generation?,Improved process efficiency; Recycling programs; Waste reduction initiatives; Waste-to-energy technologies; Improved material handling
MULTI-SELECT,What types of  project management software do you use?,Microsoft Project; Asana; Jira; Trello; Monday.com
MULTI-SELECT,What are your primary goals for improving sustainability?,Reduce greenhouse gas emissions; Reduce water consumption; Reduce waste generation; Improve energy efficiency; Source sustainable materials
MULTI-SELECT,What types of  data analytics tools do you use?,Tableau; Power BI; Qlik Sense; Splunk; Google Data Studio
MULTI-SELECT,What are your biggest concerns regarding future regulatory changes?,Environmental regulations; Safety regulations; Labor regulations; Tax regulations; Trade regulations
MULTI-SELECT,What types of  cloud computing services do you use?,Amazon Web Services (AWS); Microsoft Azure; Google Cloud Platform (GCP); IBM Cloud; Oracle Cloud
MULTI_SELECT,What are your key strategies for attracting and retaining skilled workers?,Competitive compensation and benefits; Training and development opportunities; Opportunities for career advancement; Positive work environment; Employee recognition programs
MULTI-SELECT,What types of  cybersecurity software do you use?,CrowdStrike; Palo Alto Networks; Fortinet; Check Point; Symantec
MULTI_SELECT,What are your primary business goals for the next quarter?,Increase revenue by 10%; Expand into new markets; Improve customer retention; Launch a new product or service; Reduce operational costs
MULTI-SELECT,Which marketing channels are you currently using?,Social Media Marketing; Email Marketing; Search Engine Optimization (SEO); Pay-Per-Click (PPC) Advertising; Content Marketing; Affiliate Marketing
MULTI-SELECT,What are your biggest challenges in achieving your business goals?,Lack of leads; Low conversion rates; High customer acquisition costs; Competition; Lack of resources
MULTI-SELECT,What features are most important to you in a sales lead qualification tool?,Lead scoring; Lead routing; Integration with CRM; Reporting and analytics; Ease of use
MULTI-SELECT,What is your current sales process?,Inbound marketing; Outbound marketing; Sales calls; Email outreach; Social selling
MULTI-SELECT,What type of sales leads are you most interested in?,High-value leads; Qualified leads; Marketing qualified leads (MQLs); Sales qualified leads (SQLs); All leads
MULTI-SELECT,What are your preferred methods of communication?,Email; Phone; Video conferencing; Social media; In-person meetings
MULTI-SELECT,What are your key decision-making factors when choosing a vendor?,Price; Features; Reputation; Customer support; Implementation process
MULTI-SELECT,What are your company's primary revenue streams?,Product sales; Service sales; Subscription fees; Licensing fees; Advertising revenue
MULTI-SELECT,What are your current marketing and sales technologies?,"CRM (Salesforce, HubSpot, etc.); Marketing automation (Marketo, Pardot, etc.); Social media management tools; Email marketing platforms; Analytics platforms (Google Analytics, etc.)"
MULTI-SELECT,What are your sales team's key performance indicators (KPIs)?,Revenue generated; Number of deals closed; Average deal size; Sales cycle length; Customer acquisition cost (CAC)
MULTI-SELECT,What are your company's key differentiators in the market?,Superior product quality; Lower prices; Excellent customer service; Strong brand reputation; Innovative technology
MULTI-SELECT,What are your top three priorities for improving your sales process?,Improving lead generation; Increasing conversion rates; Shortening the sales cycle; Improving sales team performance; Better lead qualification
MULTI-SELECT,What types of content do you find most effective for lead generation?,Blog posts; Case studies; White papers; Webinars; Ebooks; Infographics
MULTI-SELECT,What are your current pain points related to sales lead management?,Difficulty identifying qualified leads; Inefficient lead follow-up; Lack of visibility into the sales pipeline; Poor lead data quality; Lack of reporting and analytics
MULTI-SELECT,Which of these industries do your target customers operate in?,Healthcare; Finance; Technology; Education; Retail; Manufacturing
MULTI-SELECT,What are your key decision criteria for selecting a new CRM system?,Ease of use; Integration capabilities; Reporting and analytics; Cost-effectiveness; Scalability
MULTI-SELECT,What types of sales training do your sales reps need?,Product knowledge training; Sales techniques training; Customer relationship management (CRM) training; Negotiation skills training; Closing skills training
MULTI_SELECT,What are your preferred methods for tracking sales performance?,Sales dashboards; Sales reports; Sales meetings; One-on-one coaching; Team performance reviews
MULTI-SELECT,What are your goals for improving customer satisfaction?,Increase customer retention; Improve customer loyalty; Generate positive word-of-mouth referrals; Reduce customer churn; Enhance brand reputation
MULTI-SELECT,What are your biggest concerns regarding data privacy and security?,Data breaches; Data loss; Compliance with data privacy regulations; Protecting customer data; Ensuring data integrity
MULTI-SELECT,What are your team's preferred communication tools?,Slack; Microsoft Teams; Email; Project management software; Instant messaging apps
MULTI-SELECT,What are the most important metrics you track to measure sales success?,Revenue; Conversion rate; Customer lifetime value (CLTV); Customer acquisition cost (CAC); Average deal size
MULTI-SELECT,What are your company's key competitive advantages?,Unique product features; Strong brand reputation; Excellent customer service; Competitive pricing; Strategic partnerships
MULTI-SELECT,What are your primary sources of leads?,Referral programs; Social media marketing; Content marketing; Email marketing; Paid advertising
MULTI-SELECT,What are your biggest challenges in closing deals?,Objections from prospects; Price sensitivity; Long sales cycles; Competition; Lack of budget
MULTI-SELECT,What are your preferred methods for nurturing leads?,Email marketing; Content marketing; Social media engagement; Personalized email sequences; Webinars and online events
MULTI-SELECT,What types of information are most important to include in your sales proposals?,Product features and benefits; Pricing and payment terms; Case studies and testimonials; Client success stories; Service level agreements (SLAs)
MULTI-SELECT,What are your primary concerns regarding the accuracy of your sales data?,Data entry errors; Data inconsistencies; Lack of data standardization; Difficulty accessing accurate data; Outdated data
MULTI-SELECT,What are your company's primary marketing objectives?,Increase brand awareness; Generate leads; Drive sales; Improve customer engagement; Build customer loyalty
MULTI-SELECT,What types of sales reports are most valuable to your team?,Sales pipeline reports; Lead conversion reports; Sales forecast reports; Sales performance reports; Customer segmentation reports
MULTI-SELECT,What are your primary channels for communicating with customers?,Email; Phone; Social media; Live chat; In-person meetings
MULTI-SELECT,What are your company's key strategies for retaining customers?,Excellent customer service; Loyalty programs; Regular customer communication; Proactive problem solving; Building strong relationships
MULTI-SELECT,What are your biggest challenges in managing your sales team?,Maintaining team motivation; Ensuring consistent performance; Providing adequate training and development; Managing team conflicts; Tracking team progress
MULTI-SELECT,What are your preferred methods for gathering customer feedback?,Customer surveys; Customer interviews; Focus groups; Online reviews; Social media monitoring
MULTI-SELECT,What are your company's primary methods for generating leads?,Inbound marketing; Outbound marketing; Content marketing; Social media marketing; Paid advertising
MULTI-SELECT,What are your biggest challenges in scaling your sales operations?,Hiring and training new sales reps; Managing increasing sales volume; Maintaining consistent sales performance; Scaling your sales technology; Managing sales team growth
MULTI-SELECT,What are your key performance indicators (KPIs) for your sales team?,Revenue; Number of deals closed; Average deal size; Sales cycle length; Customer acquisition cost (CAC)
MULTI-SELECT,What types of sales tools and technologies does your team currently use?,CRM software; Sales automation tools; Sales intelligence platforms; Proposal software; Communication and collaboration tools
MULTI-SELECT,What are your company's primary sales strategies?,Inbound sales; Outbound sales; Account-based marketing (ABM); Channel sales; Strategic partnerships
MULTI-SELECT,What are the most important factors you consider when evaluating sales leads?,Company size; Industry; Budget; Need; Authority
MULTI-SELECT,What are your primary goals for improving your sales process?,Increase sales revenue; Improve sales efficiency; Enhance customer satisfaction; Reduce sales cycle length; Improve lead conversion rates
MULTI-SELECT,What are your biggest challenges in managing your sales pipeline?,Tracking deal progress; Forecasting sales accurately; Prioritizing deals effectively; Identifying and addressing bottlenecks; Maintaining pipeline visibility
MULTI-SELECT,What are your preferred methods for training your sales team?,Classroom training; Online training; On-the-job training; Mentorship programs; External training courses
MULTI-SELECT,What are your company's primary sales methodologies?,Solution selling; Consultative selling; Value selling; Relationship selling; Transactional selling
MULTI-SELECT,What programming languages are you proficient in?,Python; Java; JavaScript; C++; C#; Go; Swift; Kotlin; PHP; Ruby
MULTI-SELECT,Which operating systems do you use regularly?,Windows; macOS; Linux; Android; iOS
MULTI-SELECT,What are your preferred methods of communication?,Email; Phone calls; Video conferencing; Instant messaging; In-person meetings
MULTI-SELECT,What types of projects are you interested in?,Web development; Mobile app development; Data science; Machine learning; Artificial intelligence; Game development; Software engineering
MULTI-SELECT,What tools do you use for project management?,Jira; Trello; Asana; Monday.com; Microsoft Project
MULTI-SELECT,What are your preferred design tools?,Figma; Adobe XD; Sketch; InVision; Adobe Photoshop; Adobe Illustrator
MULTI-SELECT,What cloud platforms are you familiar with?,AWS; Azure; Google Cloud Platform
MULTI-SELECT,What databases have you worked with?,MySQL; PostgreSQL; MongoDB; Oracle; SQL Server
MULTI-SELECT,What are your preferred collaboration tools?,Slack; Microsoft Teams; Google Chat; Discord
MULTI-SELECT,What testing methodologies are you familiar with?,Unit testing; Integration testing; System testing; User acceptance testing; Agile testing; Waterfall testing
MULTI-SELECT,What version control systems have you used?,Git; SVN; Mercurial
MULTI-SELECT,What are your preferred code editors or IDEs?,VS Code; IntelliJ IDEA; Eclipse; Sublime Text; Atom
MULTI-SELECT,What types of software licenses are you familiar with?,GPL; MIT; Apache 2.0; BSD; Proprietary
MULTI-SELECT,What methodologies have you used in software development?,Agile; Scrum; Kanban; Waterfall; XP (Extreme Programming)
MULTI-SELECT,What types of design patterns are you familiar with?,Singleton; Factory; Observer; MVC; MVVM; Decorator; Adapter; Strategy
MULTI-SELECT,What types of data structures are you comfortable using?,Arrays; Linked Lists; Trees; Graphs; Hash Tables; Stacks; Queues
MULTI-SELECT,What algorithms are you familiar with?,Sorting algorithms; Searching algorithms; Graph algorithms; Dynamic programming; Greedy algorithms; Divide and conquer
MULTI-SELECT,What security practices are you familiar with?,OWASP Top 10; Authentication; Authorization; Encryption; Input validation; Output encoding; Secure coding practices
MULTI-SELECT,What are your preferred communication styles?,Direct and concise; Detailed and thorough; Collaborative and interactive; Formal and professional; Informal and friendly
MULTI-SELECT,What types of testing have you performed?,Functional testing; Performance testing; Security testing; Usability testing; Regression testing
MULTI-SELECT,What project management tools have you used?,Jira; Trello; Asana; GitHub Projects; GitLab Issues
MULTI-SELECT,What types of documentation are you comfortable creating?,User manuals; Technical specifications; API documentation; Design documents; Test plans
MULTI-SELECT,What types of diagrams are you familiar with?,UML diagrams; Flowcharts; Entity-relationship diagrams; Data flow diagrams; State diagrams
MULTI-SELECT,What are your preferred learning resources?,Online courses; Books; Conferences; Workshops; Mentorship; Self-study
MULTI-SELECT,What are your strengths as a software developer?,Problem-solving; Communication; Teamwork; Time management; Adaptability; Technical skills
MULTI-SELECT,What areas of software development are you most interested in improving?,Specific programming languages; Software design patterns; Testing methodologies; Project management; Communication skills
MULTI-SELECT,What types of software development environments have you worked in?,Agile; Waterfall; DevOps; Continuous integration/continuous delivery (CI/CD)
MULTI-SELECT,What are your career goals as a software developer?,Technical leadership; Specialized expertise; Entrepreneurship; Continuous learning and growth
MULTI-SELECT,What are your preferred ways to stay up-to-date with the latest technologies?,Reading industry blogs; Attending conferences and workshops; Taking online courses; Participating in open-source projects; Networking with other developers
MULTI-SELECT,What are your hobbies outside of software development?,Reading; Hiking; Photography; Music; Gaming; Sports; Travel
MULTI-SELECT,What are your preferred methods for debugging code?,Print statements; Debuggers; Logging; Code reviews; Unit tests
MULTI-SELECT,What types of software development projects have you worked on?,Web applications; Mobile applications; Desktop applications; Embedded systems; Data science projects
MULTI-SELECT,What are your preferred ways to learn new technologies?,Hands-on practice; Reading documentation; Watching tutorials; Following online courses; Working with experienced developers
MULTI-SELECT,What are your preferred ways to contribute to open-source projects?,Coding; Testing; Documentation; Community support
MULTI-SELECT,What types of design patterns are you most comfortable using?,Creational patterns; Structural patterns; Behavioral patterns
MULTI-SELECT,What types of software architectures are you familiar with?,Microservices; Monolithic; Layered; Event-driven
MULTI-SELECT,What are your preferred methods for code optimization?,Profiling; Algorithmic improvements; Data structure optimization; Code refactoring
MULTI-SELECT,What are your preferred tools for code analysis?,Linters; Static analyzers; Code coverage tools
MULTI-SELECT,What types of deployment strategies are you familiar with?,Continuous deployment; Continuous integration; Rolling deployments; Blue/green deployments; Canary deployments
MULTI-SELECT,What are your preferred methods for version control?,Git flow; GitHub flow; GitLab flow
MULTI-SELECT,What types of databases have you used in your projects?,Relational databases; NoSQL databases; Graph databases
MULTI-SELECT,What are your preferred methods for managing dependencies in your projects?,Package managers; Dependency injection
MULTI-SELECT,What types of testing frameworks have you used?,JUnit; Pytest; Jest; Mocha
MULTI-SELECT,What are your preferred tools for code documentation?,JSDoc; Javadoc; Sphinx; Doxygen
MULTI-SELECT,What are your preferred tools for building and deploying applications?,Docker; Kubernetes; Jenkins; Travis CI; CircleCI
MULTI-SELECT,What are your preferred tools for monitoring and logging applications?,Grafana; Prometheus; ELK stack; Splunk; Datadog
MULTI-SELECT,What types of software development methodologies have you experienced?,Agile; Waterfall; Lean; Kanban; Scrum
MULTI-SELECT,What types of design principles are you familiar with?,"SOLID principles; DRY (Don't Repeat Yourself); KISS (Keep It Simple, Stupid); YAGNI (You Ain't Gonna Need It)"
MULTI-SELECT,What are your preferred ways to handle errors in your code?,Exception handling; Error logging; Error reporting; Defensive programming
MULTI-SELECT,What are your preferred methods for code refactoring?,Extract Method; Rename Method; Move Method; Extract Class; Inline Method
MULTI-SELECT,What types of software development tools have you used?,Integrated Development Environments (IDEs); Source code management tools; Build tools; Testing frameworks; Debugging tools
MULTI-SELECT,What types of communication protocols are you familiar with?,HTTP; HTTPS; TCP/IP; UDP; REST; GraphQL
MULTI-SELECT,What types of design patterns have you implemented in your projects?,Creational patterns; Structural patterns; Behavioral patterns
MULTI-SELECT,What are your preferred methods for maintaining code quality?,Code reviews; Static analysis; Unit testing; Integration testing; Code style guidelines
MULTI-SELECT,What types of software development life cycle models have you used?,Waterfall; Agile; Iterative; Spiral; V-model
